Insert into Persons
   Values ('123946184', 'George', 'Sanders', 'IOP123982','Cleveland'),
          ('378179213', 'Eugene', 'Watkins', 'TTM113142','Indianapolis'),
		  ('019238415', 'Hannah', 'Sanchez', 'IAF230194','Anaheim'),
		  ('874265012', 'John', 'Morrison', 'AOE093532','New York City'),
		  ('905273940', 'Dwight', 'Lewandowski', 'RTS205981', 'Grand Rapids'),
		  ('481021370', 'Amelia', 'Black', 'YAB817075', 'New York City'),
		  ('765791923', 'Samantha', 'McDonnel','GBO989142', 'Phoenix'),
		  ('857102750', 'Richard', 'Hartford', 'OER935235', 'Albany'),
		  ('550813234', 'Anthony', 'Klein', 'BAC820582', 'Lincoln'),
		  ('795493845', 'Jeffrey', 'Oackland', 'GJT098149', 'Boston'),
		  ('975143256', 'Anna', 'Biggs', 'QRC959720', 'Salt Lake City'),
		  ('257292115', 'Ivan', 'Raumberg', 'KWN085023', 'Phoenix');

Insert into Cars
	Values  ('JF1GM43511H402359',2001,'Subaru','MCR43555','2007-11-26','Impreza'),
			('1N4AB41D7VC757660',1997,'Nissan','G45BSC34','2005-09-07','Sentra'),
			('1J4FJ78L5KL535075',1989,'Jeep','BNRT9871','1999-08-24','Cheerokee'),
			('JH4KA8260NC002342',1992,'Acura','LZTYBRN0','2011-04-05','Legend'),
			('1B3ES66S13D202162',2003,'Dodge','YSE5791O','2004-11-18','Neon SRT 4'),
			('KNAFB121515056162',2001,'Kia','BTE42353','2019-01-09','Sephia'),
			('3N1BC13E99L480541',2009,'Nissan','783NSE89','2010-05-23','Versa'),
			('ZAMBC38A450014565',2005,'Maserati','M74BA924','2021-12-01','Coupe'),
			('JH4DA175XGS009825',1986,'Acura','REE97230','1997-03-13','Integra'),
			('1B4GP54R2VB378393',1997,'Dodge','F82KJR93','2013-04-27','Grand Caravan'),
			('JM3ER2A59B0397896',2011,'Mazda','GVMOEW34','2012-10-15','CX 7'),
			('1FTEX1C85AFB83192',2010,'Ford','MAV429JD','2017-09-14','F150');

Insert into Accidents
	Values (52958,'Head-On Collision','2005-05-10'),
			(77153,'Rear-End Collision','2009-05-30'),
			(104523,'Multi-Vehicle Accident','2015-04-02'),
			(98823,'Rollover','2013-11-06'),
			(131455,'Blind Spot Accident','2019-03-14'),
			(69812,'Head-On Collision','2007-07-24'),
			(120324,'Multi-Vehicle Accident','2018-01-05'),
			(88095,'Head-On Collision','2012-08-02'),
			(53123,'Sideswipe Accident','2005-08-21'),
			(91485,'Rear-End Collision','2013-02-15'),
			(41234,'Rollover','2003-11-20'),
			(53195,'Head-On Collision','2005-09-06'),
			(140231,'Blind Spot Accident','2020-02-11'),
			(132423,'Rear-End Collision','2019-06-04'),
			(59043,'Pedestrian Accident','2006-03-27'),
			(2115,'Head-On Collision','2000-11-05'),
			(77192,'Multi-Vehicle Accident','2009-06-12'),
			(82934,'Sideswipe Accident','2011-07-08'),
			(128271,'Head-On Collision','2018-11-18'),
			(25988,'Rollover','2001-09-05'),
			(110232,'Rear-End Collision','2017-02-28'),
			(49217,'Pedestrian Accident','2004-10-12');
			
			
Insert into Locations
	Values ('83128495987','Massachusetts','Suffolk',52958),
		   ('18262406826','Ohio','Greene',77153),	
		   ('98507257384','Alabama','Bullock',104523),
		   ('75732804572','California','Calaveras',98823),
		   ('14353922386','California','Alpine',131455),
		   ('89327345753','Florida','DeSoto',69812),
		   ('28741620523','Delaware','Kent',120324),
		   ('86542394159','Indiana','Jackson',88095),
		   ('74629356522','Illinois','Pope',53123),
		   ('42757921324','Kentucky','Allen',91485),
		   ('24582634956','Michigan','Grand Traverse',41234),
		   ('87565229345','Ohio','Knox',53195),
		   ('46283293471','West Virginia','Fayette',140231),
		   ('12895723934','California','Imperial',132423),
		   ('57838732479','Colorado','Montezuma',59043),
		   ('83128490721','Massachusetts','Suffolk',2115),
		   ('28174057340','Indiana','Kosciuszko',77192),
		   ('78934520156','Texas','Shelby',128271),
		   ('61206833820','Alaska','Juneau',25988),
		   ('21379357104','Arkansas','Bradley',110232),
		   ('19897563425','Utah','Summit',49217);

Insert into In_town_locations
	Values ('83128495987','Boston','Pennsylvania Ave'),
			('18262406826','Xenia','Dayton Ave'),
			('98507257384','Union Springs','Truck Rte'),
			('75732804572','Angels Camp','Crystal St'),
			('14353922386','Markleeville','Alpine State Hwy'),
			('89327345753','Arcadia','East Magnolia St'),
			('28741620523','Dover','West Division St'),
			('86542394159','Brownstown','Vallonia St'),
			('74629356522','Eddyville','Washington St'),
			('42757921324','Scottsville','East Maple St'),
			('24582634956','Kingsley','East Main St'),
			('83128490721','Boston','White St');

Insert into Outside_town_locations
	Values	('87565229345','State Route',36,23),
			('46283293471','State Route',60,122),
			('12895723934','Interstate',5,345),
			('98507257384','State Route',224,50),
			('28174057340','State Route',30,241),
			('78934520156','County Road',67,76),
			('61206833820','County Road',20,15),
			('21379357104','Interstate',103,441),
			('19897563425','State Route',52,38);

Insert into Involved
	Values	('27910423293','Yes','Victim',110232,'378179213','1J4FJ78L5KL535075')
			('47269205018','No','Victim',88095,'857102750','1FTEX1C85AFB83192'),
		    ('97862334212','Yes','Victim',52958,'123946184','1N4AB41D7VC757660'),
			('54389195623','Yes','Victim',77153,'123946184','1N4AB41D7VC757660'),
			('47723489293','Yes','Perpetrator',104523,'378179213','1J4FJ78L5KL535075'),
			('34823998124','Yes','Victim',98823,'019238415','JH4KA8260NC002342'),
			('12448303185','No','Victim',131455,'874265012','1B3ES66S13D202162'),
			('83616491201','No','Perpetrator',120324,'905273940','KNAFB121515056162'),
			('31048230385','Yes','Victim',91485,'481021370','3N1BC13E99L480541'),
			('43725192301','No','Victim',140231,'765791923','ZAMBC38A450014565'),
			('12384120374','No','Victim',82934,'857102750','JH4DA175XGS009825'),
			('89273566923','No','Victim',128271,'550813234','1B4GP54R2VB378393'),
			('28475193665','Yes','Victim',110232,'795493845','1B4GP54R2VB378393'),
			('98076442578','Yes','Victim',2115,'123946184','1N4AB41D7VC757660');
			

Insert into Damages
	Values 
			('7992345123',550.00,'Material','47269205018'),
			('1283175723',20838.44,'Material','54389195623'),
			('4282912042',54392.00,'Material','47723489293'),
			('5928369234',6553.12,'Material','34823998124'),
			('0908342125',33502.35,'Health','12448303185'),
			('3284771293',29120.92,'Material','83616491201'),
			('9281823057',4092.00,'Health','31048230385'),
			('7392249874',60964.84,'Material','43725192301'),
			('8267942245',523.46,'Material','12384120374'),
			('0295582034',100432.83,'Health','89273566923'),
			('9181203083',12454.04,'Material','28475193665');

Insert Into Insurance_policies
	Values ('0121158925',304.99,330000.00,'2019-04-30','905273940','JF1GM43511H402359'),
		   ('2309817452',450.99,370000.00,'2019-07-24','019238415','JM3ER2A59B0397896'),
		   ('0371947255',1499.08,1000000.00,'2011-04-23','123946184','1N4AB41D7VC757660'),
		   ('8734624805',729.23,700000.00,'2006-08-02','378179213', '1J4FJ78L5KL535075'),
		   ('7462749165',1025.67,850000.00,'2020-05-18','019238415','JH4KA8260NC002342'),
		   ('6308376693',1499.33,1000000.00,'2015-06-03','874265012','1B3ES66S13D202162'),
		   ('9008162358',550.22,425000.00,'2007-10-12','905273940','KNAFB121515056162'),
		   ('4698273108',210.91,220000.00,'2013-12-05','481021370','3N1BC13E99L480541'),
		   ('2957732960',1200.99,900000.00,'2018-09-20','765791923','ZAMBC38A450014565'),
		   ('7934662385',599.12,520000.00,'2014-10-10','857102750','JH4DA175XGS009825'),
		   ('3680125589',329.00,300000.00,'2013-04-11','550813234','1B4GP54R2VB378393'),
		   ('0797251943',910.29,920000.00,'2021-06-03','795493845','1B4GP54R2VB378393');

Insert Into Payments
	Values (56823,550.00,'2012-10-02','Yes','7992345123','7934662385'),
		   (84942,20838.44,'2009-08-04','Yes','1283175723','0371947255'),
		   (97263,54392.00,'2015-06-13','Yes','4282912042','7462749165'),
		   (75626,6553.12,'2013-12-06','No','5928369234','6308376693'),
		   (86235,33502.35,'2019-05-18','Yes','0908342125','0797251943'),
		   (36273,29120.92,'2007-09-30','Yes','3284771293','9008162358'),
		   (90146,4092.00,'2018-04-05','No','9281823057','2957732960' ),
		   (87561,60964.84,'2012-10-02','Yes','7392249874','4698273108'),
		   (10853,523.46,'2011-08-21','Yes','8267942245','8734624805'),
		   (12572,100432.83,'2013-02-15','Yes','0295582034','3680125589'),
		   (98475,12454.04,'2004-01-08','Yes','9181203083','7934662385');

Insert Into Reports
	Values (98911,'2009-05-30',77153,'123946184'),
			(56837,'2015-04-03',104523,'378179213'),
			(109475,'2013-11-06',98823,'019238415'),
			(76625,'2019-03-15',131455,'874265012'),
			(34513,'2013-02-15',91485,'481021370'),
			(52761,'2018-01-07',120324,'905273940');			


